{"UUID":"dECUJhXJ9lbxWRvQicZUNU","layoutMainAxisSizing":null,"layoutCrossAxisSizing":null,"name":"Untitled","isVisible":true,"boundaryRectangle":null,"style":null,"prototypeNodeUUID":null,"child":null,"constraints":null,"debug":false,"pngPath":"/usr/src/app/temp-out/pb-tmp-4fa5b4c5-3d26-4e77-8da4-d40ac7c0fc05/parabeacz/lib/assets/images","pages":[{"UUID":"0:1","layoutMainAxisSizing":null,"layoutCrossAxisSizing":null,"name":"Page 1","isVisible":true,"boundaryRectangle":null,"style":null,"prototypeNodeUUID":null,"child":null,"constraints":null,"convert":true,"screens":[{"UUID":"1:11","layoutMainAxisSizing":null,"layoutCrossAxisSizing":null,"name":"Add card","boundaryRectangle":null,"style":null,"prototypeNodeUUID":null,"child":null,"constraints":null,"convert":true,"imageURI":null,"type":"screen","designNode":{"UUID":"1:11","layoutMainAxisSizing":"INHERIT","layoutCrossAxisSizing":"INHERIT","name":"Add card","isVisible":true,"style":{"UUID":"","layoutMainAxisSizing":null,"layoutCrossAxisSizing":null,"name":"","isVisible":true,"boundaryRectangle":null,"style":null,"prototypeNodeUUID":"","constraints":null,"backgroundColor":{"a":1.0,"r":1.0,"g":1.0,"b":1.0},"fills":[{"color":{"a":1.0,"r":1.0,"g":1.0,"b":1.0},"isEnabled":true}],"borders":[{"isEnabled":false,"fillType":1.0,"color":null,"thickness":1.0}],"borderOptions":{"isEnabled":false,"dashPattern":[],"lineCapStyle":0,"lineJoinStyle":"Miter","cornerRadius":0},"textStyle":null,"hasShadow":false,"type":"style"},"prototypeNodeUUID":null,"child":null,"constraints":null,"backgroundColor":{"a":1.0,"r":1.0,"g":1.0,"b":1.0},"boundaryRectangle":{"constrainProportions":false,"constraints":null,"height":640.0,"width":360.0,"x":-180.0,"y":-320.0,"z":0.0,"type":"boundaryBox"},"isFlowHome":false,"type":"artboard","children":[{"UUID":"1:13","layoutMainAxisSizing":"INHERIT","layoutCrossAxisSizing":"INHERIT","name":"About","isVisible":true,"boundaryRectangle":{"constrainProportions":false,"constraints":null,"height":24.0,"width":49.0,"x":-154.0,"y":-5.0,"z":0.0,"type":"boundaryBox"},"style":{"UUID":"","layoutMainAxisSizing":null,"layoutCrossAxisSizing":null,"name":"","isVisible":true,"boundaryRectangle":null,"style":null,"prototypeNodeUUID":"","constraints":null,"backgroundColor":null,"fills":[{"color":{"a":1.0,"r":1.0,"g":1.0,"b":1.0},"isEnabled":true}],"borders":[{"isEnabled":false,"fillType":1.0,"color":null,"thickness":1.0}],"borderOptions":{"isEnabled":false,"dashPattern":[],"lineCapStyle":0,"lineJoinStyle":"Miter","cornerRadius":0},"textStyle":{"UUID":"","layoutMainAxisSizing":null,"layoutCrossAxisSizing":null,"name":"","isVisible":false,"boundaryRectangle":null,"style":null,"prototypeNodeUUID":"","child":null,"constraints":null,"fontColor":{"a":1.0,"r":1.0,"g":1.0,"b":1.0},"weight":"500","fontDescriptor":{"fontName":"Poppins","fontSize":16.0,"fontWeight":"w500","fontStyle":"normal","letterSpacing":0.0},"paragraphStyle":{"alignment":0},"type":"text_style"},"hasShadow":false,"type":"style"},"prototypeNodeUUID":null,"child":null,"constraints":{"pinLeft":false,"pinRight":false,"pinTop":false,"pinBottom":false,"fixedHeight":false,"fixedWidth":false},"type":"text","content":"About"},{"UUID":"1:14","layoutMainAxisSizing":"INHERIT","layoutCrossAxisSizing":"INHERIT","name":"Sign Out","isVisible":true,"boundaryRectangle":{"constrainProportions":false,"constraints":null,"height":24.0,"width":69.0,"x":-154.0,"y":35.0,"z":1.0,"type":"boundaryBox"},"style":{"UUID":"","layoutMainAxisSizing":null,"layoutCrossAxisSizing":null,"name":"","isVisible":true,"boundaryRectangle":null,"style":null,"prototypeNodeUUID":"","constraints":null,"backgroundColor":null,"fills":[{"color":{"a":1.0,"r":1.0,"g":1.0,"b":1.0},"isEnabled":true}],"borders":[{"isEnabled":false,"fillType":1.0,"color":null,"thickness":1.0}],"borderOptions":{"isEnabled":false,"dashPattern":[],"lineCapStyle":0,"lineJoinStyle":"Miter","cornerRadius":0},"textStyle":{"UUID":"","layoutMainAxisSizing":null,"layoutCrossAxisSizing":null,"name":"","isVisible":false,"boundaryRectangle":null,"style":null,"prototypeNodeUUID":"","child":null,"constraints":null,"fontColor":{"a":1.0,"r":1.0,"g":1.0,"b":1.0},"weight":"500","fontDescriptor":{"fontName":"Poppins","fontSize":16.0,"fontWeight":"w500","fontStyle":"normal","letterSpacing":0.0},"paragraphStyle":{"alignment":0},"type":"text_style"},"hasShadow":false,"type":"style"},"prototypeNodeUUID":null,"child":null,"constraints":{"pinLeft":false,"pinRight":false,"pinTop":false,"pinBottom":false,"fixedHeight":false,"fixedWidth":false},"type":"text","content":"Sign Out"},{"UUID":"1:15","layoutMainAxisSizing":"INHERIT","layoutCrossAxisSizing":"INHERIT","name":"Learn More","isVisible":true,"boundaryRectangle":{"constrainProportions":false,"constraints":null,"height":24.0,"width":93.0,"x":-44.0,"y":276.0,"z":2.0,"type":"boundaryBox"},"style":{"UUID":"","layoutMainAxisSizing":null,"layoutCrossAxisSizing":null,"name":"","isVisible":true,"boundaryRectangle":null,"style":null,"prototypeNodeUUID":"","constraints":null,"backgroundColor":null,"fills":[{"color":{"a":1.0,"r":1.0,"g":1.0,"b":1.0},"isEnabled":true}],"borders":[{"isEnabled":false,"fillType":1.0,"color":null,"thickness":1.0}],"borderOptions":{"isEnabled":false,"dashPattern":[],"lineCapStyle":0,"lineJoinStyle":"Miter","cornerRadius":0},"textStyle":{"UUID":"","layoutMainAxisSizing":null,"layoutCrossAxisSizing":null,"name":"","isVisible":false,"boundaryRectangle":null,"style":null,"prototypeNodeUUID":"","child":null,"constraints":null,"fontColor":{"a":1.0,"r":1.0,"g":1.0,"b":1.0},"weight":"600","fontDescriptor":{"fontName":"Poppins","fontSize":16.0,"fontWeight":"w600","fontStyle":"normal","letterSpacing":0.0},"paragraphStyle":{"alignment":2},"type":"text_style"},"hasShadow":false,"type":"style"},"prototypeNodeUUID":null,"child":null,"constraints":{"pinLeft":false,"pinRight":false,"pinTop":false,"pinBottom":false,"fixedHeight":false,"fixedWidth":false},"type":"text","content":"Learn More "},{"UUID":"1:16","layoutMainAxisSizing":"INHERIT","layoutCrossAxisSizing":"INHERIT","name":"Vector","isVisible":true,"boundaryRectangle":{"constrainProportions":false,"constraints":null,"height":15.6298828125,"width":10.0921630859375,"x":-155.0,"y":-270.0,"z":3.0,"type":"boundaryBox"},"child":null,"constraints":{"pinLeft":false,"pinRight":false,"pinTop":false,"pinBottom":false,"fixedHeight":false,"fixedWidth":false},"style":null,"imageReference":"images/1_16.png","prototypeNodeUUID":null,"type":"image"},{"UUID":"1:17","layoutMainAxisSizing":"INHERIT","layoutCrossAxisSizing":"INHERIT","name":"Add Card","isVisible":true,"boundaryRectangle":{"constrainProportions":false,"constraints":null,"height":45.0,"width":146.0,"x":-75.0,"y":-284.0,"z":4.0,"type":"boundaryBox"},"style":{"UUID":"","layoutMainAxisSizing":null,"layoutCrossAxisSizing":null,"name":"","isVisible":true,"boundaryRectangle":null,"style":null,"prototypeNodeUUID":"","constraints":null,"backgroundColor":null,"fills":[{"color":{"a":1.0,"r":0.0,"g":0.0,"b":0.0},"isEnabled":true}],"borders":[{"isEnabled":false,"fillType":1.0,"color":null,"thickness":1.0}],"borderOptions":{"isEnabled":false,"dashPattern":[],"lineCapStyle":0,"lineJoinStyle":"Miter","cornerRadius":0},"textStyle":{"UUID":"","layoutMainAxisSizing":null,"layoutCrossAxisSizing":null,"name":"","isVisible":false,"boundaryRectangle":null,"style":null,"prototypeNodeUUID":"","child":null,"constraints":null,"fontColor":{"a":1.0,"r":0.0,"g":0.0,"b":0.0},"weight":"600","fontDescriptor":{"fontName":"Poppins","fontSize":30.0,"fontWeight":"w600","fontStyle":"normal","letterSpacing":0.0},"paragraphStyle":{"alignment":2},"type":"text_style"},"hasShadow":false,"type":"style"},"prototypeNodeUUID":null,"child":null,"constraints":{"pinLeft":false,"pinRight":false,"pinTop":false,"pinBottom":false,"fixedHeight":false,"fixedWidth":false},"type":"text","content":"Add Card"},{"UUID":"1:18","layoutMainAxisSizing":"INHERIT","layoutCrossAxisSizing":"INHERIT","name":"Line 5","isVisible":true,"boundaryRectangle":{"constrainProportions":false,"constraints":null,"height":1.0,"width":310.0,"x":-154.0,"y":22.0,"z":5.0,"type":"boundaryBox"},"style":{"UUID":"","layoutMainAxisSizing":null,"layoutCrossAxisSizing":null,"name":"","isVisible":true,"boundaryRectangle":null,"style":null,"prototypeNodeUUID":"","constraints":null,"backgroundColor":null,"fills":[{"color":{"a":1.0,"r":0.0,"g":0.0,"b":0.0},"isEnabled":true}],"borders":[{"isEnabled":null,"fillType":null,"color":null,"thickness":null}],"borderOptions":null,"textStyle":null,"hasShadow":false,"type":"style"},"prototypeNodeUUID":null,"constraints":{"pinLeft":true,"pinRight":false,"pinTop":true,"pinBottom":false,"fixedHeight":true,"fixedWidth":true},"fixedRadius":null,"type":"rectangle","child":null},{"UUID":"1:19","layoutMainAxisSizing":"INHERIT","layoutCrossAxisSizing":"INHERIT","name":"Line 6","isVisible":true,"boundaryRectangle":{"constrainProportions":false,"constraints":null,"height":1.0,"width":309.0,"x":-154.0,"y":87.0,"z":6.0,"type":"boundaryBox"},"style":{"UUID":"","layoutMainAxisSizing":null,"layoutCrossAxisSizing":null,"name":"","isVisible":true,"boundaryRectangle":null,"style":null,"prototypeNodeUUID":"","constraints":null,"backgroundColor":null,"fills":[{"color":{"a":1.0,"r":0.0,"g":0.0,"b":0.0},"isEnabled":true}],"borders":[{"isEnabled":null,"fillType":null,"color":null,"thickness":null}],"borderOptions":null,"textStyle":null,"hasShadow":false,"type":"style"},"prototypeNodeUUID":null,"constraints":{"pinLeft":true,"pinRight":false,"pinTop":true,"pinBottom":false,"fixedHeight":true,"fixedWidth":true},"fixedRadius":null,"type":"rectangle","child":null},{"UUID":"1:20","layoutMainAxisSizing":"INHERIT","layoutCrossAxisSizing":"INHERIT","name":"Line 7","isVisible":true,"boundaryRectangle":{"constrainProportions":false,"constraints":null,"height":1.0,"width":110.0,"x":-154.0,"y":152.0,"z":7.0,"type":"boundaryBox"},"style":{"UUID":"","layoutMainAxisSizing":null,"layoutCrossAxisSizing":null,"name":"","isVisible":true,"boundaryRectangle":null,"style":null,"prototypeNodeUUID":"","constraints":null,"backgroundColor":null,"fills":[{"color":{"a":1.0,"r":0.0,"g":0.0,"b":0.0},"isEnabled":true}],"borders":[{"isEnabled":null,"fillType":null,"color":null,"thickness":null}],"borderOptions":null,"textStyle":null,"hasShadow":false,"type":"style"},"prototypeNodeUUID":null,"constraints":{"pinLeft":true,"pinRight":false,"pinTop":true,"pinBottom":false,"fixedHeight":true,"fixedWidth":true},"fixedRadius":null,"type":"rectangle","child":null},{"UUID":"1:21","layoutMainAxisSizing":"INHERIT","layoutCrossAxisSizing":"INHERIT","name":"Line 8","isVisible":true,"boundaryRectangle":{"constrainProportions":false,"constraints":null,"height":1.0,"width":109.0,"x":45.0,"y":152.0,"z":8.0,"type":"boundaryBox"},"style":{"UUID":"","layoutMainAxisSizing":null,"layoutCrossAxisSizing":null,"name":"","isVisible":true,"boundaryRectangle":null,"style":null,"prototypeNodeUUID":"","constraints":null,"backgroundColor":null,"fills":[{"color":{"a":1.0,"r":0.0,"g":0.0,"b":0.0},"isEnabled":true}],"borders":[{"isEnabled":null,"fillType":null,"color":null,"thickness":null}],"borderOptions":null,"textStyle":null,"hasShadow":false,"type":"style"},"prototypeNodeUUID":null,"constraints":{"pinLeft":true,"pinRight":false,"pinTop":true,"pinBottom":false,"fixedHeight":true,"fixedWidth":true},"fixedRadius":null,"type":"rectangle","child":null},{"UUID":"2:2","layoutMainAxisSizing":"INHERIT","layoutCrossAxisSizing":"INHERIT","name":"Add Card Button<custom>","isVisible":true,"boundaryRectangle":{"constrainProportions":false,"constraints":null,"height":48.0,"width":309.0,"x":-155.0,"y":199.0,"z":9.0,"type":"boundaryBox"},"style":{"UUID":"","layoutMainAxisSizing":null,"layoutCrossAxisSizing":null,"name":"","isVisible":true,"boundaryRectangle":null,"style":null,"prototypeNodeUUID":"","constraints":null,"backgroundColor":null,"fills":[{"color":{"a":1.0,"r":1.0,"g":1.0,"b":1.0},"isEnabled":true}],"borders":[{"isEnabled":false,"fillType":1.0,"color":null,"thickness":1.0}],"borderOptions":{"isEnabled":false,"dashPattern":[],"lineCapStyle":0,"lineJoinStyle":"Miter","cornerRadius":0},"textStyle":null,"hasShadow":false,"type":"style"},"prototypeNodeUUID":null,"constraints":{"pinLeft":true,"pinRight":false,"pinTop":true,"pinBottom":false,"fixedHeight":true,"fixedWidth":true},"children":[{"UUID":"1:22","layoutMainAxisSizing":"INHERIT","layoutCrossAxisSizing":"INHERIT","name":"Rectangle 18<>","isVisible":true,"boundaryRectangle":{"constrainProportions":false,"constraints":null,"height":48.0,"width":309.0,"x":-155.0,"y":199.0,"z":0.0,"type":"boundaryBox"},"style":{"UUID":"","layoutMainAxisSizing":null,"layoutCrossAxisSizing":null,"name":"","isVisible":true,"boundaryRectangle":null,"style":null,"prototypeNodeUUID":"","constraints":null,"backgroundColor":null,"fills":[{"color":{"a":1.0,"r":0.22745098173618317,"g":0.6313725709915161,"b":0.20000000298023224},"isEnabled":true}],"borders":[{"isEnabled":false,"fillType":1.0,"color":null,"thickness":1.0}],"borderOptions":{"isEnabled":false,"dashPattern":[],"lineCapStyle":0,"lineJoinStyle":"Miter","cornerRadius":10.0},"textStyle":null,"hasShadow":false,"type":"style"},"prototypeNodeUUID":null,"constraints":{"pinLeft":false,"pinRight":false,"pinTop":false,"pinBottom":false,"fixedHeight":false,"fixedWidth":false},"fixedRadius":10.0,"type":"rectangle","child":null},{"UUID":"1:23","layoutMainAxisSizing":"INHERIT","layoutCrossAxisSizing":"INHERIT","name":"Add Card","isVisible":true,"boundaryRectangle":{"constrainProportions":false,"constraints":null,"height":24.0,"width":78.0,"x":-31.0,"y":211.0,"z":1.0,"type":"boundaryBox"},"style":{"UUID":"","layoutMainAxisSizing":null,"layoutCrossAxisSizing":null,"name":"","isVisible":true,"boundaryRectangle":null,"style":null,"prototypeNodeUUID":"","constraints":null,"backgroundColor":null,"fills":[{"color":{"a":1.0,"r":1.0,"g":1.0,"b":1.0},"isEnabled":true}],"borders":[{"isEnabled":false,"fillType":1.0,"color":null,"thickness":1.0}],"borderOptions":{"isEnabled":false,"dashPattern":[],"lineCapStyle":0,"lineJoinStyle":"Miter","cornerRadius":0},"textStyle":{"UUID":"","layoutMainAxisSizing":null,"layoutCrossAxisSizing":null,"name":"","isVisible":false,"boundaryRectangle":null,"style":null,"prototypeNodeUUID":"","child":null,"constraints":null,"fontColor":{"a":1.0,"r":1.0,"g":1.0,"b":1.0},"weight":"600","fontDescriptor":{"fontName":"Poppins","fontSize":16.0,"fontWeight":"w600","fontStyle":"normal","letterSpacing":0.0},"paragraphStyle":{"alignment":2},"type":"text_style"},"hasShadow":false,"type":"style"},"prototypeNodeUUID":null,"child":null,"constraints":{"pinLeft":false,"pinRight":false,"pinTop":false,"pinBottom":false,"fixedHeight":false,"fixedWidth":false},"type":"text","content":"Add Card "}],"type":"frame","fixedRadius":null,"background":null,"autoLayoutOptions":null},{"UUID":"1:24","layoutMainAxisSizing":null,"layoutCrossAxisSizing":null,"name":"ic:round-photo-camera","isVisible":true,"boundaryRectangle":{"constrainProportions":false,"constraints":null,"height":24.0,"width":24.0,"x":132.0,"y":56.0,"z":10.0,"type":"boundaryBox"},"child":null,"constraints":{"pinLeft":true,"pinRight":false,"pinTop":true,"pinBottom":false,"fixedHeight":true,"fixedWidth":true},"style":{"UUID":"","layoutMainAxisSizing":null,"layoutCrossAxisSizing":null,"name":"","isVisible":true,"boundaryRectangle":null,"style":null,"prototypeNodeUUID":"","constraints":null,"backgroundColor":null,"fills":[{"color":{"a":1.0,"r":1.0,"g":1.0,"b":1.0},"isEnabled":true}],"borders":[{"isEnabled":false,"fillType":1.0,"color":null,"thickness":1.0}],"borderOptions":{"isEnabled":false,"dashPattern":[],"lineCapStyle":0,"lineJoinStyle":"Miter","cornerRadius":0},"textStyle":null,"hasShadow":false,"type":"style"},"imageReference":"images/1_24.png","prototypeNodeUUID":null,"type":"image"},{"UUID":"1:27","layoutMainAxisSizing":"INHERIT","layoutCrossAxisSizing":"INHERIT","name":"Full name","isVisible":true,"boundaryRectangle":{"constrainProportions":false,"constraints":null,"height":24.0,"width":79.0,"x":-154.0,"y":-26.0,"z":11.0,"type":"boundaryBox"},"style":{"UUID":"","layoutMainAxisSizing":null,"layoutCrossAxisSizing":null,"name":"","isVisible":true,"boundaryRectangle":null,"style":null,"prototypeNodeUUID":"","constraints":null,"backgroundColor":null,"fills":[{"color":{"a":1.0,"r":0.22745098173618317,"g":0.6313725709915161,"b":0.20000000298023224},"isEnabled":true}],"borders":[{"isEnabled":false,"fillType":1.0,"color":null,"thickness":1.0}],"borderOptions":{"isEnabled":false,"dashPattern":[],"lineCapStyle":0,"lineJoinStyle":"Miter","cornerRadius":0},"textStyle":{"UUID":"","layoutMainAxisSizing":null,"layoutCrossAxisSizing":null,"name":"","isVisible":false,"boundaryRectangle":null,"style":null,"prototypeNodeUUID":"","child":null,"constraints":null,"fontColor":{"a":1.0,"r":0.22745098173618317,"g":0.6313725709915161,"b":0.20000000298023224},"weight":"500","fontDescriptor":{"fontName":"Poppins","fontSize":16.0,"fontWeight":"w500","fontStyle":"normal","letterSpacing":0.0},"paragraphStyle":{"alignment":0},"type":"text_style"},"hasShadow":false,"type":"style"},"prototypeNodeUUID":null,"child":null,"constraints":{"pinLeft":true,"pinRight":false,"pinTop":false,"pinBottom":false,"fixedHeight":true,"fixedWidth":true},"type":"text","content":"Full name"},{"UUID":"1:28","layoutMainAxisSizing":"INHERIT","layoutCrossAxisSizing":"INHERIT","name":"Card number","isVisible":true,"boundaryRectangle":{"constrainProportions":false,"constraints":null,"height":24.0,"width":109.0,"x":-156.0,"y":32.0,"z":12.0,"type":"boundaryBox"},"style":{"UUID":"","layoutMainAxisSizing":null,"layoutCrossAxisSizing":null,"name":"","isVisible":true,"boundaryRectangle":null,"style":null,"prototypeNodeUUID":"","constraints":null,"backgroundColor":null,"fills":[{"color":{"a":1.0,"r":0.22745098173618317,"g":0.6313725709915161,"b":0.20000000298023224},"isEnabled":true}],"borders":[{"isEnabled":false,"fillType":1.0,"color":null,"thickness":1.0}],"borderOptions":{"isEnabled":false,"dashPattern":[],"lineCapStyle":0,"lineJoinStyle":"Miter","cornerRadius":0},"textStyle":{"UUID":"","layoutMainAxisSizing":null,"layoutCrossAxisSizing":null,"name":"","isVisible":false,"boundaryRectangle":null,"style":null,"prototypeNodeUUID":"","child":null,"constraints":null,"fontColor":{"a":1.0,"r":0.22745098173618317,"g":0.6313725709915161,"b":0.20000000298023224},"weight":"500","fontDescriptor":{"fontName":"Poppins","fontSize":16.0,"fontWeight":"w500","fontStyle":"normal","letterSpacing":0.0},"paragraphStyle":{"alignment":0},"type":"text_style"},"hasShadow":false,"type":"style"},"prototypeNodeUUID":null,"child":null,"constraints":{"pinLeft":true,"pinRight":false,"pinTop":false,"pinBottom":false,"fixedHeight":true,"fixedWidth":true},"type":"text","content":"Card number"},{"UUID":"1:29","layoutMainAxisSizing":"INHERIT","layoutCrossAxisSizing":"INHERIT","name":"Expiry Date","isVisible":true,"boundaryRectangle":{"constrainProportions":false,"constraints":null,"height":24.0,"width":90.0,"x":-156.0,"y":97.0,"z":13.0,"type":"boundaryBox"},"style":{"UUID":"","layoutMainAxisSizing":null,"layoutCrossAxisSizing":null,"name":"","isVisible":true,"boundaryRectangle":null,"style":null,"prototypeNodeUUID":"","constraints":null,"backgroundColor":null,"fills":[{"color":{"a":1.0,"r":0.22745098173618317,"g":0.6313725709915161,"b":0.20000000298023224},"isEnabled":true}],"borders":[{"isEnabled":false,"fillType":1.0,"color":null,"thickness":1.0}],"borderOptions":{"isEnabled":false,"dashPattern":[],"lineCapStyle":0,"lineJoinStyle":"Miter","cornerRadius":0},"textStyle":{"UUID":"","layoutMainAxisSizing":null,"layoutCrossAxisSizing":null,"name":"","isVisible":false,"boundaryRectangle":null,"style":null,"prototypeNodeUUID":"","child":null,"constraints":null,"fontColor":{"a":1.0,"r":0.22745098173618317,"g":0.6313725709915161,"b":0.20000000298023224},"weight":"500","fontDescriptor":{"fontName":"Poppins","fontSize":16.0,"fontWeight":"w500","fontStyle":"normal","letterSpacing":0.0},"paragraphStyle":{"alignment":0},"type":"text_style"},"hasShadow":false,"type":"style"},"prototypeNodeUUID":null,"child":null,"constraints":{"pinLeft":true,"pinRight":false,"pinTop":false,"pinBottom":false,"fixedHeight":true,"fixedWidth":true},"type":"text","content":"Expiry Date"},{"UUID":"1:30","layoutMainAxisSizing":"INHERIT","layoutCrossAxisSizing":"INHERIT","name":"CVV","isVisible":true,"boundaryRectangle":{"constrainProportions":false,"constraints":null,"height":24.0,"width":35.0,"x":45.0,"y":98.0,"z":14.0,"type":"boundaryBox"},"style":{"UUID":"","layoutMainAxisSizing":null,"layoutCrossAxisSizing":null,"name":"","isVisible":true,"boundaryRectangle":null,"style":null,"prototypeNodeUUID":"","constraints":null,"backgroundColor":null,"fills":[{"color":{"a":1.0,"r":0.22745098173618317,"g":0.6313725709915161,"b":0.20000000298023224},"isEnabled":true}],"borders":[{"isEnabled":false,"fillType":1.0,"color":null,"thickness":1.0}],"borderOptions":{"isEnabled":false,"dashPattern":[],"lineCapStyle":0,"lineJoinStyle":"Miter","cornerRadius":0},"textStyle":{"UUID":"","layoutMainAxisSizing":null,"layoutCrossAxisSizing":null,"name":"","isVisible":false,"boundaryRectangle":null,"style":null,"prototypeNodeUUID":"","child":null,"constraints":null,"fontColor":{"a":1.0,"r":0.22745098173618317,"g":0.6313725709915161,"b":0.20000000298023224},"weight":"500","fontDescriptor":{"fontName":"Poppins","fontSize":16.0,"fontWeight":"w500","fontStyle":"normal","letterSpacing":0.0},"paragraphStyle":{"alignment":0},"type":"text_style"},"hasShadow":false,"type":"style"},"prototypeNodeUUID":null,"child":null,"constraints":{"pinLeft":true,"pinRight":false,"pinTop":false,"pinBottom":false,"fixedHeight":true,"fixedWidth":true},"type":"text","content":"CVV"},{"UUID":"1:31","layoutMainAxisSizing":"INHERIT","layoutCrossAxisSizing":"INHERIT","name":"Group 158","isVisible":true,"boundaryRectangle":{"constrainProportions":false,"constraints":null,"height":151.25,"width":245.0,"x":-123.0,"y":-223.0,"z":15.0,"type":"boundaryBox"},"child":null,"constraints":{"pinLeft":true,"pinRight":false,"pinTop":true,"pinBottom":false,"fixedHeight":true,"fixedWidth":true},"style":null,"imageReference":"images/1_31.png","prototypeNodeUUID":null,"type":"image"}]},"isVisible":true}],"type":"page"}],"miscPages":[],"sharedStyles":[],"type":"project"}